semester,experiment,policy,comparison_label,our_estimate,published_validation_target,difference,role
2022-S1,M1,T0_current_quarter_mean,baseline,0.3628604766854147,0.365,-0.0021395233145852,validation_only_not_estimator_input
2022-S2,M1,T0_current_quarter_mean,baseline,0.3935536766241019,0.392,0.0015536766241018,validation_only_not_estimator_input
2023-S1,M1,T0_current_quarter_mean,baseline,0.3999802329565649,0.401,-0.0010197670434351,validation_only_not_estimator_input
2023-S2,M1,T0_current_quarter_mean,baseline,0.4189639955079629,0.417,0.0019639955079629,validation_only_not_estimator_input
2024-S1,M1,T0_current_quarter_mean,baseline,0.5287982169181733,0.529,-0.0002017830818267,validation_only_not_estimator_input
2024-S2,M1,T0_current_quarter_mean,baseline,0.3807788641167512,0.381,-0.0002211358832487,validation_only_not_estimator_input
2025-S1,M1,T0_current_quarter_mean,baseline,0.315979987137017,0.316,-2.0012862982976557e-05,validation_only_not_estimator_input
2022-S1,M1,Tm_current_previous_midpoint,timing_midpoint,0.349133401227489,0.349,0.000133401227489,validation_only_not_estimator_input
2022-S2,M1,Tm_current_previous_midpoint,timing_midpoint,0.3795174881498303,0.38,-0.0004825118501697,validation_only_not_estimator_input
2023-S1,M1,Tm_current_previous_midpoint,timing_midpoint,0.3842841618905534,0.384,0.0002841618905534,validation_only_not_estimator_input
2023-S2,M1,Tm_current_previous_midpoint,timing_midpoint,0.3879473672442728,0.388,-5.263275572719994e-05,validation_only_not_estimator_input
2024-S1,M1,Tm_current_previous_midpoint,timing_midpoint,0.506924382332235,0.507,-7.561766776498224e-05,validation_only_not_estimator_input
2024-S2,M1,Tm_current_previous_midpoint,timing_midpoint,0.3740805287869707,0.374,8.052878697073496e-05,validation_only_not_estimator_input
2025-S1,M1,Tm_current_previous_midpoint,timing_midpoint,0.3122686256207915,0.312,0.0002686256207915,validation_only_not_estimator_input
2022-S1,M3,official,baseline,0.3628604766854147,0.365,-0.0021395233145852,validation_only_not_estimator_input
2022-S2,M3,official,baseline,0.3935536766241019,0.392,0.0015536766241018,validation_only_not_estimator_input
2023-S1,M3,official,baseline,0.3999802329565649,0.401,-0.0010197670434351,validation_only_not_estimator_input
2023-S2,M3,official,baseline,0.4189639955079629,0.417,0.0019639955079629,validation_only_not_estimator_input
2024-S1,M3,official,baseline,0.5287982169181733,0.529,-0.0002017830818267,validation_only_not_estimator_input
2024-S2,M3,official,baseline,0.3807788641167512,0.381,-0.0002211358832487,validation_only_not_estimator_input
2025-S1,M3,official,baseline,0.315979987137017,0.316,-2.0012862982976557e-05,validation_only_not_estimator_input
2022-S1,M3,engho17_level_plus_trajectory,updated_consumption,0.5426711882557244,0.429,0.1136711882557243,validation_only_not_estimator_input
2022-S2,M3,engho17_level_plus_trajectory,updated_consumption,0.5838640302644155,0.464,0.1198640302644154,validation_only_not_estimator_input
2023-S1,M3,engho17_level_plus_trajectory,updated_consumption,0.58565447259153,0.469,0.11665447259153,validation_only_not_estimator_input
2023-S2,M3,engho17_level_plus_trajectory,updated_consumption,0.6014168031065839,0.489,0.1124168031065838,validation_only_not_estimator_input
2024-S1,M3,engho17_level_plus_trajectory,updated_consumption,0.6902985633862379,0.591,0.0992985633862378,validation_only_not_estimator_input
2024-S2,M3,engho17_level_plus_trajectory,updated_consumption,0.5646594101731381,0.449,0.1156594101731381,validation_only_not_estimator_input
2025-S1,M3,engho17_level_plus_trajectory,updated_consumption,0.5106171152645372,0.397,0.1136171152645372,validation_only_not_estimator_input
