semester,variant_id,person_poverty,delta_vs_paper_exact_pp,delta_vs_primary_p29_p48_pp,paper_exact_poverty,primary_p29_p48_poverty,reference_population_structure,regionalization,coicop02_food_fraction,published_cedlas,paper_exact_difference_to_published_pp
2022-S1,paper_exact,0.4289410446077384,0.0,-11.373014364798594,0.4289410446077384,0.5426711882557244,published_equal_group,inherited_old_ice_ratio,1.0,0.429,-0.0058955392261583
2022-S1,paper_vector_alcohol_only,0.4455430278954136,1.660198328767526,-9.712816036031068,0.4289410446077384,0.5426711882557244,published_equal_group,inherited_old_ice_ratio,0.3905392281068294,,
2022-S1,microdata_equal_inherited_full02,0.4288236768894201,-0.0117367718318273,-11.384751136630422,0.4289410446077384,0.5426711882557244,microdata_equal_group,inherited_old_ice_ratio,1.0,,
2022-S1,microdata_pooled_inherited_full02,0.4676843311381745,3.874328653043607,-7.498685711754987,0.4289410446077384,0.5426711882557244,microdata_pooled,inherited_old_ice_ratio,1.0,,
2022-S1,microdata_equal_direct_full02,0.4254079361398671,-0.3533108467871249,-11.72632521158572,0.4289410446077384,0.5426711882557244,microdata_equal_group,direct_region,1.0,,
2022-S1,microdata_pooled_direct_full02,0.4629736630069767,3.4032618399238324,-7.969752524874762,0.4289410446077384,0.5426711882557244,microdata_pooled,direct_region,1.0,,
2022-S1,microdata_equal_direct_alcohol_only,0.4416073268516072,1.2666282243868787,-10.106386140411717,0.4289410446077384,0.5426711882557244,microdata_equal_group,direct_region,0.3905392281068294,,
2022-S1,microdata_pooled_direct_alcohol_only,0.4809375550483288,5.199651044059039,-6.173363320739556,0.4289410446077384,0.5426711882557244,microdata_pooled,direct_region,0.3978684921519174,,
2022-S2,paper_exact,0.4635893222192701,0.0,-12.02747080451454,0.4635893222192701,0.5838640302644155,published_equal_group,inherited_old_ice_ratio,1.0,0.464,-0.0410677780729951
2022-S2,paper_vector_alcohol_only,0.4825232228576182,1.89339006383481,-10.13408074067973,0.4635893222192701,0.5838640302644155,published_equal_group,inherited_old_ice_ratio,0.3905392281068294,,
2022-S2,microdata_equal_inherited_full02,0.4632014366047728,-0.0387885614497263,-12.066259365964266,0.4635893222192701,0.5838640302644155,microdata_equal_group,inherited_old_ice_ratio,1.0,,
2022-S2,microdata_pooled_inherited_full02,0.5029833382084825,3.939401598921244,-8.088069205593296,0.4635893222192701,0.5838640302644155,microdata_pooled,inherited_old_ice_ratio,1.0,,
2022-S2,microdata_equal_direct_full02,0.4616057715381949,-0.1983550681075196,-12.22582587262206,0.4635893222192701,0.5838640302644155,microdata_equal_group,direct_region,1.0,,
2022-S2,microdata_pooled_direct_full02,0.5015648134441383,3.7975491224868207,-8.229921682027719,0.4635893222192701,0.5838640302644155,microdata_pooled,direct_region,1.0,,
2022-S2,microdata_equal_direct_alcohol_only,0.4814476060098687,1.7858283790598617,-10.241642425454678,0.4635893222192701,0.5838640302644155,microdata_equal_group,direct_region,0.3905392281068294,,
2022-S2,microdata_pooled_direct_alcohol_only,0.5229671346080229,5.937781238875283,-6.089689565639256,0.4635893222192701,0.5838640302644155,microdata_pooled,direct_region,0.3978684921519174,,
2023-S1,paper_exact,0.4683880282544432,0.0,-11.726644433708683,0.4683880282544432,0.58565447259153,published_equal_group,inherited_old_ice_ratio,1.0,0.469,-0.0611971745556771
2023-S1,paper_vector_alcohol_only,0.4836224596859151,1.5234431431471906,-10.203201290561491,0.4683880282544432,0.58565447259153,published_equal_group,inherited_old_ice_ratio,0.3905392281068294,,
2023-S1,microdata_equal_inherited_full02,0.4679187440010385,-0.0469284253404644,-11.773572859049148,0.4683880282544432,0.58565447259153,microdata_equal_group,inherited_old_ice_ratio,1.0,,
2023-S1,microdata_pooled_inherited_full02,0.5048942842001988,3.6506255945755575,-8.076018839133125,0.4683880282544432,0.58565447259153,microdata_pooled,inherited_old_ice_ratio,1.0,,
2023-S1,microdata_equal_direct_full02,0.4672140088917643,-0.1174019362678857,-11.844046369976567,0.4683880282544432,0.58565447259153,microdata_equal_group,direct_region,1.0,,
2023-S1,microdata_pooled_direct_full02,0.5067477722703795,3.835974401593628,-7.890670032115055,0.4683880282544432,0.58565447259153,microdata_pooled,direct_region,1.0,,
2023-S1,microdata_equal_direct_alcohol_only,0.482292449236283,1.3904420981839805,-10.336202335524703,0.4683880282544432,0.58565447259153,microdata_equal_group,direct_region,0.3905392281068294,,
2023-S1,microdata_pooled_direct_alcohol_only,0.5270485258782692,5.866049762382603,-5.86059467132608,0.4683880282544432,0.58565447259153,microdata_pooled,direct_region,0.3978684921519174,,
2023-S2,paper_exact,0.4886858540344925,0.0,-11.273094907209137,0.4886858540344925,0.6014168031065839,published_equal_group,inherited_old_ice_ratio,1.0,0.489,-0.0314145965507495
2023-S2,paper_vector_alcohol_only,0.5054419816766532,1.6756127642160723,-9.597482142993064,0.4886858540344925,0.6014168031065839,published_equal_group,inherited_old_ice_ratio,0.3905392281068294,,
2023-S2,microdata_equal_inherited_full02,0.4875763888795892,-0.1109465154903288,-11.384041422699465,0.4886858540344925,0.6014168031065839,microdata_equal_group,inherited_old_ice_ratio,1.0,,
2023-S2,microdata_pooled_inherited_full02,0.5271481038003055,3.846224976581303,-7.426869930627832,0.4886858540344925,0.6014168031065839,microdata_pooled,inherited_old_ice_ratio,1.0,,
2023-S2,microdata_equal_direct_full02,0.4895218601843705,0.0836006149878054,-11.18949429222133,0.4886858540344925,0.6014168031065839,microdata_equal_group,direct_region,1.0,,
2023-S2,microdata_pooled_direct_full02,0.5275342722601046,3.8848418225612136,-7.388253084647922,0.4886858540344925,0.6014168031065839,microdata_pooled,direct_region,1.0,,
2023-S2,microdata_equal_direct_alcohol_only,0.5042740683039637,1.5588214269471212,-9.714273480262015,0.4886858540344925,0.6014168031065839,microdata_equal_group,direct_region,0.3905392281068294,,
2023-S2,microdata_pooled_direct_alcohol_only,0.5447529849994717,5.606713096497917,-5.6663818107112185,0.4886858540344925,0.6014168031065839,microdata_pooled,direct_region,0.3978684921519174,,
2024-S1,paper_exact,0.59101039930782,0.0,-9.92881640784179,0.59101039930782,0.6902985633862379,published_equal_group,inherited_old_ice_ratio,1.0,0.591,0.0010399307819985
2024-S1,paper_vector_alcohol_only,0.6069487910478917,1.5938391740071722,-8.334977233834618,0.59101039930782,0.6902985633862379,published_equal_group,inherited_old_ice_ratio,0.3905392281068294,,
2024-S1,microdata_equal_inherited_full02,0.5907836288033511,-0.0226770504468842,-9.951493458288674,0.59101039930782,0.6902985633862379,microdata_equal_group,inherited_old_ice_ratio,1.0,,
2024-S1,microdata_pooled_inherited_full02,0.6243308616090971,3.3320462301277165,-6.596770177714073,0.59101039930782,0.6902985633862379,microdata_pooled,inherited_old_ice_ratio,1.0,,
2024-S1,microdata_equal_direct_full02,0.5904481313273291,-0.056226798049086,-9.985043205890875,0.59101039930782,0.6902985633862379,microdata_equal_group,direct_region,1.0,,
2024-S1,microdata_pooled_direct_full02,0.6238994136777383,3.2889014369918312,-6.639914970849958,0.59101039930782,0.6902985633862379,microdata_pooled,direct_region,1.0,,
2024-S1,microdata_equal_direct_alcohol_only,0.6055914085641613,1.4581009256341315,-8.470715482207659,0.59101039930782,0.6902985633862379,microdata_equal_group,direct_region,0.3905392281068294,,
2024-S1,microdata_pooled_direct_alcohol_only,0.6422554530913835,5.124505378356359,-4.804311029485431,0.59101039930782,0.6902985633862379,microdata_pooled,direct_region,0.3978684921519174,,
2024-S2,paper_exact,0.4485471557409263,0.0,-11.61122544322118,0.4485471557409263,0.5646594101731381,published_equal_group,inherited_old_ice_ratio,1.0,0.449,-0.0452844259073659
2024-S2,paper_vector_alcohol_only,0.4631737933482766,1.462663760735028,-10.148561682486152,0.4485471557409263,0.5646594101731381,published_equal_group,inherited_old_ice_ratio,0.3905392281068294,,
2024-S2,microdata_equal_inherited_full02,0.4480128894781897,-0.0534266262736671,-11.664652069494846,0.4485471557409263,0.5646594101731381,microdata_equal_group,inherited_old_ice_ratio,1.0,,
2024-S2,microdata_pooled_inherited_full02,0.4864912361073714,3.794408036644503,-7.816817406576676,0.4485471557409263,0.5646594101731381,microdata_pooled,inherited_old_ice_ratio,1.0,,
2024-S2,microdata_equal_direct_full02,0.447493731433823,-0.1053424307103312,-11.71656787393151,0.4485471557409263,0.5646594101731381,microdata_equal_group,direct_region,1.0,,
2024-S2,microdata_pooled_direct_full02,0.4916213417314636,4.30741859905373,-7.303806844167449,0.4485471557409263,0.5646594101731381,microdata_pooled,direct_region,1.0,,
2024-S2,microdata_equal_direct_alcohol_only,0.463746998144899,1.5199842403972652,-10.091241202823914,0.4485471557409263,0.5646594101731381,microdata_equal_group,direct_region,0.3905392281068294,,
2024-S2,microdata_pooled_direct_alcohol_only,0.5094109243476888,6.08637686067624,-5.524848582544939,0.4485471557409263,0.5646594101731381,microdata_pooled,direct_region,0.3978684921519174,,
2025-S1,paper_exact,0.3970164787557286,0.0,-11.36006365088086,0.3970164787557286,0.5106171152645372,published_equal_group,inherited_old_ice_ratio,1.0,0.397,0.0016478755728632
2025-S1,paper_vector_alcohol_only,0.4130212567220064,1.600477796627775,-9.759585854253084,0.3970164787557286,0.5106171152645372,published_equal_group,inherited_old_ice_ratio,0.3905392281068294,,
2025-S1,microdata_equal_inherited_full02,0.3966873400829185,-0.0329138672810092,-11.392977518161867,0.3970164787557286,0.5106171152645372,microdata_equal_group,inherited_old_ice_ratio,1.0,,
2025-S1,microdata_pooled_inherited_full02,0.4348215060293224,3.780502727359381,-7.579560923521478,0.3970164787557286,0.5106171152645372,microdata_pooled,inherited_old_ice_ratio,1.0,,
2025-S1,microdata_equal_direct_full02,0.3952613737258846,-0.175510502984405,-11.535574153865264,0.3970164787557286,0.5106171152645372,microdata_equal_group,direct_region,1.0,,
2025-S1,microdata_pooled_direct_full02,0.4341633123573531,3.714683360162452,-7.645380290718407,0.3970164787557286,0.5106171152645372,microdata_pooled,direct_region,1.0,,
2025-S1,microdata_equal_direct_alcohol_only,0.4123768189982296,1.5360340242500936,-9.824029626630765,0.3970164787557286,0.5106171152645372,microdata_equal_group,direct_region,0.3905392281068294,,
2025-S1,microdata_pooled_direct_alcohol_only,0.4518053995878704,5.478892083214182,-5.8811715676666765,0.3970164787557286,0.5106171152645372,microdata_pooled,direct_region,0.3978684921519174,,
2025-S2,paper_exact,0.3724051990730221,0.0,-12.088285419910733,0.3724051990730221,0.4932880532721294,published_equal_group,inherited_old_ice_ratio,1.0,,
2025-S2,paper_vector_alcohol_only,0.3885080848578003,1.6102885784778198,-10.477996841432912,0.3724051990730221,0.4932880532721294,published_equal_group,inherited_old_ice_ratio,0.3905392281068294,,
2025-S2,microdata_equal_inherited_full02,0.3720906822937552,-0.031451677926686,-12.11973709783742,0.3724051990730221,0.4932880532721294,microdata_equal_group,inherited_old_ice_ratio,1.0,,
2025-S2,microdata_pooled_inherited_full02,0.4124887060111069,4.008350693808483,-8.07993472610225,0.3724051990730221,0.4932880532721294,microdata_pooled,inherited_old_ice_ratio,1.0,,
2025-S2,microdata_equal_direct_full02,0.3714454829194156,-0.095971615360646,-12.18425703527138,0.3724051990730221,0.4932880532721294,microdata_equal_group,direct_region,1.0,,
2025-S2,microdata_pooled_direct_full02,0.412511638137446,4.01064390644239,-8.077641513468341,0.3724051990730221,0.4932880532721294,microdata_pooled,direct_region,1.0,,
2025-S2,microdata_equal_direct_alcohol_only,0.390634689594171,1.822949052114892,-10.26533636779584,0.3724051990730221,0.4932880532721294,microdata_equal_group,direct_region,0.3905392281068294,,
2025-S2,microdata_pooled_direct_alcohol_only,0.4299299713525078,5.752477227948571,-6.335808191962161,0.3724051990730221,0.4932880532721294,microdata_pooled,direct_region,0.3978684921519174,,
