policy,transition,households,pondih_mass,person_weight_mass
microdata_equal_direct_alcohol_only,false_to_false,129082,100957619.0,249432346.0
microdata_equal_direct_alcohol_only,false_to_true,14558,12669158.0,41227936.0
microdata_equal_direct_alcohol_only,true_to_false,0,0.0,0.0
microdata_equal_direct_alcohol_only,true_to_true,59867,47211525.0,182262362.0
microdata_equal_direct_full02,false_to_false,132262,103394719.0,257329950.0
microdata_equal_direct_full02,false_to_true,11378,10232058.0,33330332.0
microdata_equal_direct_full02,true_to_false,0,0.0,0.0
microdata_equal_direct_full02,true_to_true,59867,47211525.0,182262362.0
microdata_equal_inherited_full02,false_to_false,129638,103530654.0,256936497.0
microdata_equal_inherited_full02,false_to_true,14002,10096123.0,33723785.0
microdata_equal_inherited_full02,true_to_false,0,0.0,0.0
microdata_equal_inherited_full02,true_to_true,59867,47211525.0,182262362.0
microdata_pooled_direct_alcohol_only,false_to_false,121501,94629057.0,230095037.0
microdata_pooled_direct_alcohol_only,false_to_true,22139,18997720.0,60565245.0
microdata_pooled_direct_alcohol_only,true_to_false,0,0.0,0.0
microdata_pooled_direct_alcohol_only,true_to_true,59867,47211525.0,182262362.0
microdata_pooled_direct_full02,false_to_false,125061,97517971.0,238845816.0
microdata_pooled_direct_full02,false_to_true,18579,16108806.0,51814466.0
microdata_pooled_direct_full02,true_to_false,0,0.0,0.0
microdata_pooled_direct_full02,true_to_true,59867,47211525.0,182262362.0
microdata_pooled_inherited_full02,false_to_false,121771,97860521.0,238862049.0
microdata_pooled_inherited_full02,false_to_true,21869,15766256.0,51798233.0
microdata_pooled_inherited_full02,true_to_false,0,0.0,0.0
microdata_pooled_inherited_full02,true_to_true,59867,47211525.0,182262362.0
paper_exact,false_to_false,129553,103472708.0,256730204.0
paper_exact,false_to_true,14087,10154069.0,33930078.0
paper_exact,true_to_false,0,0.0,0.0
paper_exact,true_to_true,59867,47211525.0,182262362.0
paper_vector_alcohol_only,false_to_false,126204,101109921.0,249036116.0
paper_vector_alcohol_only,false_to_true,17436,12516856.0,41624166.0
paper_vector_alcohol_only,true_to_false,0,0.0,0.0
paper_vector_alcohol_only,true_to_true,59867,47211525.0,182262362.0
primary_p29_p48_full,false_to_false,107201,85329767.0,202705690.0
primary_p29_p48_full,false_to_true,36439,28297010.0,87954592.0
primary_p29_p48_full,true_to_false,0,0.0,0.0
primary_p29_p48_full,true_to_true,59867,47211525.0,182262362.0
