period,experiment,policy,geography_level,geography_id,universe,concept,estimand,estimate,weighted_denominator,household_records
2022-S1,M3F_CEDLAS_CHOICES,official,national,ARG,persons,poverty,fgt0,0.3628604766854147,58210214.0,27075
2022-S1,M3F_CEDLAS_CHOICES,paper_exact,national,ARG,persons,poverty,fgt0,0.4289410446077384,58210214.0,27075
2022-S1,M3F_CEDLAS_CHOICES,paper_vector_alcohol_only,national,ARG,persons,poverty,fgt0,0.4455430278954136,58210214.0,27075
2022-S1,M3F_CEDLAS_CHOICES,microdata_equal_inherited_full02,national,ARG,persons,poverty,fgt0,0.4288236768894201,58210214.0,27075
2022-S1,M3F_CEDLAS_CHOICES,microdata_pooled_inherited_full02,national,ARG,persons,poverty,fgt0,0.4676843311381745,58210214.0,27075
2022-S1,M3F_CEDLAS_CHOICES,microdata_equal_direct_full02,national,ARG,persons,poverty,fgt0,0.4254079361398671,58210214.0,27075
2022-S1,M3F_CEDLAS_CHOICES,microdata_pooled_direct_full02,national,ARG,persons,poverty,fgt0,0.4629736630069767,58210214.0,27075
2022-S1,M3F_CEDLAS_CHOICES,microdata_equal_direct_alcohol_only,national,ARG,persons,poverty,fgt0,0.4416073268516072,58210214.0,27075
2022-S1,M3F_CEDLAS_CHOICES,microdata_pooled_direct_alcohol_only,national,ARG,persons,poverty,fgt0,0.4809375550483288,58210214.0,27075
2022-S1,M3F_CEDLAS_CHOICES,primary_p29_p48_full,national,ARG,persons,poverty,fgt0,0.5426711882557244,58210214.0,27075
2022-S2,M3F_CEDLAS_CHOICES,official,national,ARG,persons,poverty,fgt0,0.3935536766241019,58473424.0,26350
2022-S2,M3F_CEDLAS_CHOICES,paper_exact,national,ARG,persons,poverty,fgt0,0.4635893222192701,58473424.0,26350
2022-S2,M3F_CEDLAS_CHOICES,paper_vector_alcohol_only,national,ARG,persons,poverty,fgt0,0.4825232228576182,58473424.0,26350
2022-S2,M3F_CEDLAS_CHOICES,microdata_equal_inherited_full02,national,ARG,persons,poverty,fgt0,0.4632014366047728,58473424.0,26350
2022-S2,M3F_CEDLAS_CHOICES,microdata_pooled_inherited_full02,national,ARG,persons,poverty,fgt0,0.5029833382084825,58473424.0,26350
2022-S2,M3F_CEDLAS_CHOICES,microdata_equal_direct_full02,national,ARG,persons,poverty,fgt0,0.4616057715381949,58473424.0,26350
2022-S2,M3F_CEDLAS_CHOICES,microdata_pooled_direct_full02,national,ARG,persons,poverty,fgt0,0.5015648134441383,58473424.0,26350
2022-S2,M3F_CEDLAS_CHOICES,microdata_equal_direct_alcohol_only,national,ARG,persons,poverty,fgt0,0.4814476060098687,58473424.0,26350
2022-S2,M3F_CEDLAS_CHOICES,microdata_pooled_direct_alcohol_only,national,ARG,persons,poverty,fgt0,0.5229671346080229,58473424.0,26350
2022-S2,M3F_CEDLAS_CHOICES,primary_p29_p48_full,national,ARG,persons,poverty,fgt0,0.5838640302644155,58473424.0,26350
2023-S1,M3F_CEDLAS_CHOICES,official,national,ARG,persons,poverty,fgt0,0.3999802329565649,58734125.0,26409
2023-S1,M3F_CEDLAS_CHOICES,paper_exact,national,ARG,persons,poverty,fgt0,0.4683880282544432,58734125.0,26409
2023-S1,M3F_CEDLAS_CHOICES,paper_vector_alcohol_only,national,ARG,persons,poverty,fgt0,0.4836224596859151,58734125.0,26409
2023-S1,M3F_CEDLAS_CHOICES,microdata_equal_inherited_full02,national,ARG,persons,poverty,fgt0,0.4679187440010385,58734125.0,26409
2023-S1,M3F_CEDLAS_CHOICES,microdata_pooled_inherited_full02,national,ARG,persons,poverty,fgt0,0.5048942842001988,58734125.0,26409
2023-S1,M3F_CEDLAS_CHOICES,microdata_equal_direct_full02,national,ARG,persons,poverty,fgt0,0.4672140088917643,58734125.0,26409
2023-S1,M3F_CEDLAS_CHOICES,microdata_pooled_direct_full02,national,ARG,persons,poverty,fgt0,0.5067477722703795,58734125.0,26409
2023-S1,M3F_CEDLAS_CHOICES,microdata_equal_direct_alcohol_only,national,ARG,persons,poverty,fgt0,0.482292449236283,58734125.0,26409
2023-S1,M3F_CEDLAS_CHOICES,microdata_pooled_direct_alcohol_only,national,ARG,persons,poverty,fgt0,0.5270485258782692,58734125.0,26409
2023-S1,M3F_CEDLAS_CHOICES,primary_p29_p48_full,national,ARG,persons,poverty,fgt0,0.58565447259153,58734125.0,26409
2023-S2,M3F_CEDLAS_CHOICES,official,national,ARG,persons,poverty,fgt0,0.4189639955079629,58992389.0,25565
2023-S2,M3F_CEDLAS_CHOICES,paper_exact,national,ARG,persons,poverty,fgt0,0.4886858540344925,58992389.0,25565
2023-S2,M3F_CEDLAS_CHOICES,paper_vector_alcohol_only,national,ARG,persons,poverty,fgt0,0.5054419816766532,58992389.0,25565
2023-S2,M3F_CEDLAS_CHOICES,microdata_equal_inherited_full02,national,ARG,persons,poverty,fgt0,0.4875763888795892,58992389.0,25565
2023-S2,M3F_CEDLAS_CHOICES,microdata_pooled_inherited_full02,national,ARG,persons,poverty,fgt0,0.5271481038003055,58992389.0,25565
2023-S2,M3F_CEDLAS_CHOICES,microdata_equal_direct_full02,national,ARG,persons,poverty,fgt0,0.4895218601843705,58992389.0,25565
2023-S2,M3F_CEDLAS_CHOICES,microdata_pooled_direct_full02,national,ARG,persons,poverty,fgt0,0.5275342722601046,58992389.0,25565
2023-S2,M3F_CEDLAS_CHOICES,microdata_equal_direct_alcohol_only,national,ARG,persons,poverty,fgt0,0.5042740683039637,58992389.0,25565
2023-S2,M3F_CEDLAS_CHOICES,microdata_pooled_direct_alcohol_only,national,ARG,persons,poverty,fgt0,0.5447529849994717,58992389.0,25565
2023-S2,M3F_CEDLAS_CHOICES,primary_p29_p48_full,national,ARG,persons,poverty,fgt0,0.6014168031065839,58992389.0,25565
2024-S1,M3F_CEDLAS_CHOICES,official,national,ARG,persons,poverty,fgt0,0.5287982169181733,59249328.0,25271
2024-S1,M3F_CEDLAS_CHOICES,paper_exact,national,ARG,persons,poverty,fgt0,0.59101039930782,59249328.0,25271
2024-S1,M3F_CEDLAS_CHOICES,paper_vector_alcohol_only,national,ARG,persons,poverty,fgt0,0.6069487910478917,59249328.0,25271
2024-S1,M3F_CEDLAS_CHOICES,microdata_equal_inherited_full02,national,ARG,persons,poverty,fgt0,0.5907836288033511,59249328.0,25271
2024-S1,M3F_CEDLAS_CHOICES,microdata_pooled_inherited_full02,national,ARG,persons,poverty,fgt0,0.6243308616090971,59249328.0,25271
2024-S1,M3F_CEDLAS_CHOICES,microdata_equal_direct_full02,national,ARG,persons,poverty,fgt0,0.5904481313273291,59249328.0,25271
2024-S1,M3F_CEDLAS_CHOICES,microdata_pooled_direct_full02,national,ARG,persons,poverty,fgt0,0.6238994136777383,59249328.0,25271
2024-S1,M3F_CEDLAS_CHOICES,microdata_equal_direct_alcohol_only,national,ARG,persons,poverty,fgt0,0.6055914085641613,59249328.0,25271
2024-S1,M3F_CEDLAS_CHOICES,microdata_pooled_direct_alcohol_only,national,ARG,persons,poverty,fgt0,0.6422554530913835,59249328.0,25271
2024-S1,M3F_CEDLAS_CHOICES,primary_p29_p48_full,national,ARG,persons,poverty,fgt0,0.6902985633862379,59249328.0,25271
2024-S2,M3F_CEDLAS_CHOICES,official,national,ARG,persons,poverty,fgt0,0.3807788641167512,59504038.0,24866
2024-S2,M3F_CEDLAS_CHOICES,paper_exact,national,ARG,persons,poverty,fgt0,0.4485471557409263,59504038.0,24866
2024-S2,M3F_CEDLAS_CHOICES,paper_vector_alcohol_only,national,ARG,persons,poverty,fgt0,0.4631737933482766,59504038.0,24866
2024-S2,M3F_CEDLAS_CHOICES,microdata_equal_inherited_full02,national,ARG,persons,poverty,fgt0,0.4480128894781897,59504038.0,24866
2024-S2,M3F_CEDLAS_CHOICES,microdata_pooled_inherited_full02,national,ARG,persons,poverty,fgt0,0.4864912361073714,59504038.0,24866
2024-S2,M3F_CEDLAS_CHOICES,microdata_equal_direct_full02,national,ARG,persons,poverty,fgt0,0.447493731433823,59504038.0,24866
2024-S2,M3F_CEDLAS_CHOICES,microdata_pooled_direct_full02,national,ARG,persons,poverty,fgt0,0.4916213417314636,59504038.0,24866
2024-S2,M3F_CEDLAS_CHOICES,microdata_equal_direct_alcohol_only,national,ARG,persons,poverty,fgt0,0.463746998144899,59504038.0,24866
2024-S2,M3F_CEDLAS_CHOICES,microdata_pooled_direct_alcohol_only,national,ARG,persons,poverty,fgt0,0.5094109243476888,59504038.0,24866
2024-S2,M3F_CEDLAS_CHOICES,primary_p29_p48_full,national,ARG,persons,poverty,fgt0,0.5646594101731381,59504038.0,24866
2025-S1,M3F_CEDLAS_CHOICES,official,national,ARG,persons,poverty,fgt0,0.315979987137017,59755968.0,24504
2025-S1,M3F_CEDLAS_CHOICES,paper_exact,national,ARG,persons,poverty,fgt0,0.3970164787557286,59755968.0,24504
2025-S1,M3F_CEDLAS_CHOICES,paper_vector_alcohol_only,national,ARG,persons,poverty,fgt0,0.4130212567220064,59755968.0,24504
2025-S1,M3F_CEDLAS_CHOICES,microdata_equal_inherited_full02,national,ARG,persons,poverty,fgt0,0.3966873400829185,59755968.0,24504
2025-S1,M3F_CEDLAS_CHOICES,microdata_pooled_inherited_full02,national,ARG,persons,poverty,fgt0,0.4348215060293224,59755968.0,24504
2025-S1,M3F_CEDLAS_CHOICES,microdata_equal_direct_full02,national,ARG,persons,poverty,fgt0,0.3952613737258846,59755968.0,24504
2025-S1,M3F_CEDLAS_CHOICES,microdata_pooled_direct_full02,national,ARG,persons,poverty,fgt0,0.4341633123573531,59755968.0,24504
2025-S1,M3F_CEDLAS_CHOICES,microdata_equal_direct_alcohol_only,national,ARG,persons,poverty,fgt0,0.4123768189982296,59755968.0,24504
2025-S1,M3F_CEDLAS_CHOICES,microdata_pooled_direct_alcohol_only,national,ARG,persons,poverty,fgt0,0.4518053995878704,59755968.0,24504
2025-S1,M3F_CEDLAS_CHOICES,primary_p29_p48_full,national,ARG,persons,poverty,fgt0,0.5106171152645372,59755968.0,24504
2025-S2,M3F_CEDLAS_CHOICES,official,national,ARG,persons,poverty,fgt0,0.2841360449728329,60003158.0,23467
2025-S2,M3F_CEDLAS_CHOICES,paper_exact,national,ARG,persons,poverty,fgt0,0.3724051990730221,60003158.0,23467
2025-S2,M3F_CEDLAS_CHOICES,paper_vector_alcohol_only,national,ARG,persons,poverty,fgt0,0.3885080848578003,60003158.0,23467
2025-S2,M3F_CEDLAS_CHOICES,microdata_equal_inherited_full02,national,ARG,persons,poverty,fgt0,0.3720906822937552,60003158.0,23467
2025-S2,M3F_CEDLAS_CHOICES,microdata_pooled_inherited_full02,national,ARG,persons,poverty,fgt0,0.4124887060111069,60003158.0,23467
2025-S2,M3F_CEDLAS_CHOICES,microdata_equal_direct_full02,national,ARG,persons,poverty,fgt0,0.3714454829194156,60003158.0,23467
2025-S2,M3F_CEDLAS_CHOICES,microdata_pooled_direct_full02,national,ARG,persons,poverty,fgt0,0.412511638137446,60003158.0,23467
2025-S2,M3F_CEDLAS_CHOICES,microdata_equal_direct_alcohol_only,national,ARG,persons,poverty,fgt0,0.390634689594171,60003158.0,23467
2025-S2,M3F_CEDLAS_CHOICES,microdata_pooled_direct_alcohol_only,national,ARG,persons,poverty,fgt0,0.4299299713525078,60003158.0,23467
2025-S2,M3F_CEDLAS_CHOICES,primary_p29_p48_full,national,ARG,persons,poverty,fgt0,0.4932880532721294,60003158.0,23467
